city,day,murders,treated,after
Dallas,0,11,1,0
Dallas,1,14,1,0
Dallas,2,8,1,0
Dallas,3,13,1,0
Dallas,4,16,1,0
Dallas,5,8,1,0
Dallas,6,10,1,0
Dallas,7,11,1,0
Dallas,8,13,1,0
Dallas,9,10,1,0
Dallas,10,11,1,0
Dallas,11,8,1,0
Dallas,12,13,1,0
Dallas,13,13,1,0
Dallas,14,10,1,0
Dallas,15,14,1,0
Dallas,16,7,1,0
Dallas,17,9,1,0
Dallas,18,10,1,0
Dallas,19,12,1,0
Dallas,20,6,1,0
Dallas,21,4,1,0
Dallas,22,11,1,0
Dallas,23,16,1,0
Dallas,24,9,1,0
Dallas,25,15,1,0
Dallas,26,14,1,0
Dallas,27,15,1,0
Dallas,28,10,1,0
Dallas,29,16,1,0
Dallas,30,10,1,0
Dallas,31,10,1,0
Dallas,32,14,1,0
Dallas,33,17,1,0
Dallas,34,7,1,0
Dallas,35,14,1,0
Dallas,36,15,1,0
Dallas,37,12,1,0
Dallas,38,10,1,0
Dallas,39,17,1,0
Dallas,40,11,1,0
Dallas,41,9,1,0
Dallas,42,9,1,0
Dallas,43,15,1,0
Dallas,44,17,1,0
Dallas,45,10,1,0
Dallas,46,8,1,0
Dallas,47,11,1,0
Dallas,48,7,1,0
Dallas,49,18,1,0
Dallas,50,12,1,0
Dallas,51,20,1,0
Dallas,52,11,1,0
Dallas,53,9,1,0
Dallas,54,13,1,0
Dallas,55,4,1,0
Dallas,56,17,1,0
Dallas,57,7,1,0
Dallas,58,13,1,0
Dallas,59,8,1,0
Dallas,60,10,1,0
Dallas,61,13,1,0
Dallas,62,9,1,0
Dallas,63,13,1,0
Dallas,64,11,1,0
Dallas,65,13,1,0
Dallas,66,13,1,0
Dallas,67,18,1,0
Dallas,68,10,1,0
Dallas,69,9,1,0
Dallas,70,15,1,0
Dallas,71,12,1,0
Dallas,72,16,1,0
Dallas,73,10,1,0
Dallas,74,13,1,0
Dallas,75,12,1,0
Dallas,76,6,1,0
Dallas,77,12,1,0
Dallas,78,13,1,0
Dallas,79,13,1,0
Dallas,80,9,1,0
Dallas,81,13,1,0
Dallas,82,6,1,0
Dallas,83,9,1,0
Dallas,84,16,1,0
Dallas,85,14,1,0
Dallas,86,12,1,0
Dallas,87,8,1,0
Dallas,88,9,1,0
Dallas,89,13,1,0
Dallas,90,17,1,0
Dallas,91,9,1,0
Dallas,92,15,1,0
Dallas,93,7,1,0
Dallas,94,17,1,0
Dallas,95,12,1,0
Dallas,96,7,1,0
Dallas,97,13,1,0
Dallas,98,10,1,0
Dallas,99,11,1,0
Dallas,100,14,1,0
Dallas,101,16,1,0
Dallas,102,10,1,0
Dallas,103,12,1,0
Dallas,104,11,1,0
Dallas,105,9,1,0
Dallas,106,14,1,0
Dallas,107,6,1,0
Dallas,108,14,1,0
Dallas,109,12,1,0
Dallas,110,4,1,0
Dallas,111,11,1,0
Dallas,112,11,1,0
Dallas,113,14,1,0
Dallas,114,10,1,0
Dallas,115,10,1,0
Dallas,116,7,1,0
Dallas,117,11,1,0
Dallas,118,12,1,0
Dallas,119,18,1,0
Dallas,120,11,1,0
Dallas,121,10,1,0
Dallas,122,9,1,0
Dallas,123,3,1,0
Dallas,124,10,1,0
Dallas,125,11,1,0
Dallas,126,7,1,0
Dallas,127,10,1,0
Dallas,128,12,1,0
Dallas,129,9,1,0
Dallas,130,11,1,0
Dallas,131,12,1,0
Dallas,132,5,1,0
Dallas,133,17,1,0
Dallas,134,9,1,0
Dallas,135,10,1,0
Dallas,136,17,1,0
Dallas,137,7,1,0
Dallas,138,6,1,0
Dallas,139,5,1,0
Dallas,140,14,1,0
Dallas,141,14,1,0
Dallas,142,6,1,0
Dallas,143,8,1,0
Dallas,144,9,1,0
Dallas,145,9,1,0
Dallas,146,15,1,0
Dallas,147,6,1,0
Dallas,148,11,1,0
Dallas,149,9,1,0
Dallas,150,9,1,0
Dallas,151,16,1,0
Dallas,152,9,1,0
Dallas,153,18,1,0
Dallas,154,12,1,0
Dallas,155,8,1,0
Dallas,156,12,1,0
Dallas,157,13,1,0
Dallas,158,5,1,0
Dallas,159,4,1,0
Dallas,160,10,1,0
Dallas,161,9,1,0
Dallas,162,11,1,0
Dallas,163,5,1,0
Dallas,164,12,1,0
Dallas,165,9,1,0
Dallas,166,9,1,0
Dallas,167,13,1,0
Dallas,168,10,1,0
Dallas,169,6,1,0
Dallas,170,4,1,0
Dallas,171,6,1,0
Dallas,172,13,1,0
Dallas,173,18,1,0
Dallas,174,8,1,0
Dallas,175,19,1,0
Dallas,176,11,1,0
Dallas,177,10,1,0
Dallas,178,3,1,0
Dallas,179,10,1,0
Dallas,180,8,1,0
Dallas,181,10,1,0
Dallas,182,11,1,0
Dallas,183,12,1,0
Dallas,184,8,1,0
Dallas,185,12,1,0
Dallas,186,15,1,0
Dallas,187,17,1,0
Dallas,188,11,1,0
Dallas,189,3,1,0
Dallas,190,9,1,0
Dallas,191,11,1,0
Dallas,192,14,1,0
Dallas,193,9,1,0
Dallas,194,14,1,0
Dallas,195,10,1,0
Dallas,196,17,1,0
Dallas,197,7,1,0
Dallas,198,11,1,0
Dallas,199,10,1,0
Dallas,200,10,1,0
Dallas,201,9,1,0
Dallas,202,7,1,0
Dallas,203,15,1,0
Dallas,204,4,1,0
Dallas,205,8,1,0
Dallas,206,5,1,0
Dallas,207,7,1,0
Dallas,208,10,1,0
Dallas,209,9,1,0
Dallas,210,6,1,0
Dallas,211,10,1,0
Dallas,212,11,1,0
Dallas,213,6,1,0
Dallas,214,10,1,0
Dallas,215,11,1,0
Dallas,216,8,1,0
Dallas,217,14,1,0
Dallas,218,10,1,0
Dallas,219,13,1,0
Dallas,220,12,1,0
Dallas,221,9,1,0
Dallas,222,9,1,0
Dallas,223,13,1,0
Dallas,224,12,1,0
Dallas,225,14,1,0
Dallas,226,7,1,0
Dallas,227,9,1,0
Dallas,228,7,1,0
Dallas,229,9,1,0
Dallas,230,6,1,0
Dallas,231,11,1,0
Dallas,232,4,1,0
Dallas,233,5,1,0
Dallas,234,10,1,0
Dallas,235,4,1,0
Dallas,236,8,1,0
Dallas,237,14,1,0
Dallas,238,6,1,0
Dallas,239,6,1,0
Dallas,240,7,1,0
Dallas,241,11,1,0
Dallas,242,9,1,0
Dallas,243,8,1,0
Dallas,244,9,1,0
Dallas,245,10,1,0
Dallas,246,14,1,0
Dallas,247,14,1,0
Dallas,248,5,1,0
Dallas,249,11,1,0
Dallas,250,8,1,0
Dallas,251,12,1,0
Dallas,252,4,1,0
Dallas,253,13,1,0
Dallas,254,9,1,0
Dallas,255,11,1,0
Dallas,256,9,1,0
Dallas,257,12,1,0
Dallas,258,11,1,0
Dallas,259,16,1,0
Dallas,260,7,1,0
Dallas,261,14,1,0
Dallas,262,8,1,0
Dallas,263,7,1,0
Dallas,264,9,1,0
Dallas,265,9,1,0
Dallas,266,11,1,0
Dallas,267,13,1,0
Dallas,268,10,1,0
Dallas,269,6,1,0
Dallas,270,9,1,0
Dallas,271,7,1,0
Dallas,272,5,1,0
Dallas,273,7,1,0
Dallas,274,10,1,0
Dallas,275,10,1,0
Dallas,276,10,1,0
Dallas,277,8,1,0
Dallas,278,11,1,0
Dallas,279,13,1,0
Dallas,280,12,1,0
Dallas,281,10,1,0
Dallas,282,7,1,0
Dallas,283,7,1,0
Dallas,284,8,1,0
Dallas,285,7,1,0
Dallas,286,8,1,0
Dallas,287,6,1,0
Dallas,288,15,1,0
Dallas,289,10,1,0
Dallas,290,16,1,0
Dallas,291,5,1,0
Dallas,292,8,1,0
Dallas,293,7,1,0
Dallas,294,9,1,0
Dallas,295,9,1,0
Dallas,296,9,1,0
Dallas,297,9,1,0
Dallas,298,11,1,0
Dallas,299,11,1,0
Dallas,300,6,1,0
Dallas,301,11,1,0
Dallas,302,8,1,0
Dallas,303,6,1,0
Dallas,304,9,1,0
Dallas,305,11,1,0
Dallas,306,10,1,0
Dallas,307,12,1,0
Dallas,308,8,1,0
Dallas,309,15,1,0
Dallas,310,8,1,0
Dallas,311,10,1,0
Dallas,312,7,1,0
Dallas,313,7,1,0
Dallas,314,8,1,0
Dallas,315,5,1,0
Dallas,316,11,1,0
Dallas,317,7,1,0
Dallas,318,5,1,0
Dallas,319,10,1,0
Dallas,320,12,1,0
Dallas,321,11,1,0
Dallas,322,6,1,0
Dallas,323,3,1,0
Dallas,324,9,1,0
Dallas,325,6,1,0
Dallas,326,9,1,0
Dallas,327,13,1,0
Dallas,328,9,1,0
Dallas,329,15,1,0
Dallas,330,10,1,0
Dallas,331,8,1,0
Dallas,332,10,1,0
Dallas,333,5,1,0
Dallas,334,10,1,0
Dallas,335,6,1,0
Dallas,336,8,1,0
Dallas,337,9,1,0
Dallas,338,9,1,0
Dallas,339,13,1,0
Dallas,340,5,1,0
Dallas,341,11,1,0
Dallas,342,8,1,0
Dallas,343,6,1,0
Dallas,344,9,1,0
Dallas,345,4,1,0
Dallas,346,9,1,0
Dallas,347,11,1,0
Dallas,348,7,1,0
Dallas,349,8,1,0
Dallas,350,11,1,0
Dallas,351,7,1,0
Dallas,352,8,1,0
Dallas,353,11,1,0
Dallas,354,14,1,0
Dallas,355,7,1,0
Dallas,356,12,1,0
Dallas,357,6,1,0
Dallas,358,13,1,0
Dallas,359,6,1,0
Dallas,360,13,1,0
Dallas,361,9,1,0
Dallas,362,11,1,0
Dallas,363,8,1,0
Dallas,364,9,1,0
Dallas,365,9,1,0
Dallas,366,5,1,0
Dallas,367,9,1,0
Dallas,368,7,1,0
Dallas,369,11,1,0
Dallas,370,11,1,0
Dallas,371,10,1,0
Dallas,372,6,1,0
Dallas,373,5,1,0
Dallas,374,2,1,0
Dallas,375,8,1,0
Dallas,376,9,1,0
Dallas,377,10,1,0
Dallas,378,5,1,0
Dallas,379,7,1,0
Dallas,380,7,1,0
Dallas,381,9,1,0
Dallas,382,5,1,0
Dallas,383,10,1,0
Dallas,384,14,1,0
Dallas,385,5,1,0
Dallas,386,8,1,0
Dallas,387,6,1,0
Dallas,388,4,1,0
Dallas,389,5,1,0
Dallas,390,12,1,0
Dallas,391,9,1,0
Dallas,392,7,1,0
Dallas,393,11,1,0
Dallas,394,10,1,0
Dallas,395,12,1,0
Dallas,396,13,1,0
Dallas,397,10,1,0
Dallas,398,9,1,0
Dallas,399,6,1,0
Dallas,400,12,1,0
Dallas,401,6,1,0
Dallas,402,6,1,0
Dallas,403,4,1,0
Dallas,404,11,1,0
Dallas,405,8,1,0
Dallas,406,10,1,0
Dallas,407,5,1,0
Dallas,408,0,1,0
Dallas,409,4,1,0
Dallas,410,4,1,0
Dallas,411,9,1,0
Dallas,412,7,1,0
Dallas,413,11,1,0
Dallas,414,8,1,0
Dallas,415,11,1,0
Dallas,416,9,1,0
Dallas,417,4,1,0
Dallas,418,4,1,0
Dallas,419,6,1,0
Dallas,420,10,1,0
Dallas,421,4,1,0
Dallas,422,5,1,0
Dallas,423,9,1,0
Dallas,424,5,1,0
Dallas,425,9,1,0
Dallas,426,6,1,0
Dallas,427,11,1,0
Dallas,428,3,1,0
Dallas,429,6,1,0
Dallas,430,6,1,0
Dallas,431,9,1,0
Dallas,432,11,1,0
Dallas,433,13,1,0
Dallas,434,4,1,0
Dallas,435,8,1,0
Dallas,436,4,1,0
Dallas,437,8,1,0
Dallas,438,10,1,0
Dallas,439,4,1,0
Dallas,440,6,1,0
Dallas,441,12,1,0
Dallas,442,5,1,0
Dallas,443,10,1,0
Dallas,444,5,1,0
Dallas,445,1,1,0
Dallas,446,6,1,0
Dallas,447,1,1,0
Dallas,448,11,1,0
Dallas,449,11,1,0
Dallas,450,8,1,0
Dallas,451,13,1,0
Dallas,452,12,1,0
Dallas,453,5,1,0
Dallas,454,9,1,0
Dallas,455,8,1,0
Dallas,456,10,1,0
Dallas,457,6,1,0
Dallas,458,7,1,0
Dallas,459,7,1,0
Dallas,460,7,1,0
Dallas,461,8,1,0
Dallas,462,6,1,0
Dallas,463,6,1,0
Dallas,464,6,1,0
Dallas,465,9,1,0
Dallas,466,8,1,0
Dallas,467,9,1,0
Dallas,468,2,1,0
Dallas,469,6,1,0
Dallas,470,7,1,0
Dallas,471,3,1,0
Dallas,472,6,1,0
Dallas,473,12,1,0
Dallas,474,11,1,0
Dallas,475,8,1,0
Dallas,476,3,1,0
Dallas,477,7,1,0
Dallas,478,6,1,0
Dallas,479,5,1,0
Dallas,480,12,1,0
Dallas,481,11,1,0
Dallas,482,5,1,0
Dallas,483,3,1,0
Dallas,484,2,1,0
Dallas,485,5,1,0
Dallas,486,5,1,0
Dallas,487,9,1,0
Dallas,488,7,1,0
Dallas,489,6,1,0
Dallas,490,4,1,0
Dallas,491,5,1,0
Dallas,492,12,1,0
Dallas,493,5,1,0
Dallas,494,6,1,0
Dallas,495,8,1,0
Dallas,496,6,1,0
Dallas,497,3,1,0
Dallas,498,10,1,0
Dallas,499,13,1,0
Dallas,500,4,1,1
Dallas,501,5,1,1
Dallas,502,4,1,1
Dallas,503,8,1,1
Dallas,504,5,1,1
Dallas,505,6,1,1
Dallas,506,3,1,1
Dallas,507,4,1,1
Dallas,508,10,1,1
Dallas,509,8,1,1
Dallas,510,2,1,1
Dallas,511,6,1,1
Dallas,512,7,1,1
Dallas,513,10,1,1
Dallas,514,10,1,1
Dallas,515,8,1,1
Dallas,516,5,1,1
Dallas,517,5,1,1
Dallas,518,9,1,1
Dallas,519,6,1,1
Dallas,520,2,1,1
Dallas,521,9,1,1
Dallas,522,8,1,1
Dallas,523,6,1,1
Dallas,524,3,1,1
Dallas,525,3,1,1
Dallas,526,7,1,1
Dallas,527,3,1,1
Dallas,528,3,1,1
Dallas,529,5,1,1
Dallas,530,6,1,1
Dallas,531,4,1,1
Dallas,532,4,1,1
Dallas,533,11,1,1
Dallas,534,7,1,1
Dallas,535,5,1,1
Dallas,536,6,1,1
Dallas,537,5,1,1
Dallas,538,4,1,1
Dallas,539,7,1,1
Dallas,540,6,1,1
Dallas,541,3,1,1
Dallas,542,7,1,1
Dallas,543,4,1,1
Dallas,544,6,1,1
Dallas,545,7,1,1
Dallas,546,7,1,1
Dallas,547,4,1,1
Dallas,548,2,1,1
Dallas,549,2,1,1
Dallas,550,5,1,1
Dallas,551,7,1,1
Dallas,552,1,1,1
Dallas,553,5,1,1
Dallas,554,11,1,1
Dallas,555,2,1,1
Dallas,556,6,1,1
Dallas,557,6,1,1
Dallas,558,2,1,1
Dallas,559,5,1,1
Dallas,560,9,1,1
Dallas,561,1,1,1
Dallas,562,8,1,1
Dallas,563,3,1,1
Dallas,564,5,1,1
Dallas,565,4,1,1
Dallas,566,11,1,1
Dallas,567,3,1,1
Dallas,568,5,1,1
Dallas,569,4,1,1
Dallas,570,3,1,1
Dallas,571,7,1,1
Dallas,572,3,1,1
Dallas,573,7,1,1
Dallas,574,4,1,1
Dallas,575,7,1,1
Dallas,576,6,1,1
Dallas,577,2,1,1
Dallas,578,5,1,1
Dallas,579,5,1,1
Dallas,580,7,1,1
Dallas,581,4,1,1
Dallas,582,2,1,1
Dallas,583,2,1,1
Dallas,584,5,1,1
Dallas,585,11,1,1
Dallas,586,7,1,1
Dallas,587,6,1,1
Dallas,588,2,1,1
Dallas,589,1,1,1
Dallas,590,10,1,1
Dallas,591,4,1,1
Dallas,592,4,1,1
Dallas,593,4,1,1
Dallas,594,5,1,1
Dallas,595,2,1,1
Dallas,596,2,1,1
Dallas,597,7,1,1
Dallas,598,3,1,1
Dallas,599,1,1,1
Dallas,600,3,1,1
Dallas,601,7,1,1
Dallas,602,4,1,1
Dallas,603,4,1,1
Dallas,604,4,1,1
Dallas,605,3,1,1
Dallas,606,4,1,1
Dallas,607,4,1,1
Dallas,608,3,1,1
Dallas,609,3,1,1
Dallas,610,5,1,1
Dallas,611,7,1,1
Dallas,612,4,1,1
Dallas,613,9,1,1
Dallas,614,6,1,1
Dallas,615,5,1,1
Dallas,616,4,1,1
Dallas,617,4,1,1
Dallas,618,6,1,1
Dallas,619,6,1,1
Dallas,620,5,1,1
Dallas,621,3,1,1
Dallas,622,6,1,1
Dallas,623,2,1,1
Dallas,624,4,1,1
Dallas,625,5,1,1
Dallas,626,2,1,1
Dallas,627,4,1,1
Dallas,628,9,1,1
Dallas,629,0,1,1
Dallas,630,5,1,1
Dallas,631,5,1,1
Dallas,632,4,1,1
Dallas,633,4,1,1
Dallas,634,3,1,1
Dallas,635,5,1,1
Dallas,636,4,1,1
Dallas,637,2,1,1
Dallas,638,8,1,1
Dallas,639,5,1,1
Dallas,640,7,1,1
Dallas,641,3,1,1
Dallas,642,4,1,1
Dallas,643,2,1,1
Dallas,644,3,1,1
Dallas,645,1,1,1
Dallas,646,5,1,1
Dallas,647,6,1,1
Dallas,648,5,1,1
Dallas,649,4,1,1
Dallas,650,2,1,1
Dallas,651,6,1,1
Dallas,652,5,1,1
Dallas,653,2,1,1
Dallas,654,5,1,1
Dallas,655,4,1,1
Dallas,656,3,1,1
Dallas,657,6,1,1
Dallas,658,3,1,1
Dallas,659,3,1,1
Dallas,660,7,1,1
Dallas,661,4,1,1
Dallas,662,3,1,1
Dallas,663,5,1,1
Dallas,664,5,1,1
Dallas,665,4,1,1
Dallas,666,8,1,1
Dallas,667,4,1,1
Dallas,668,3,1,1
Dallas,669,5,1,1
Dallas,670,9,1,1
Dallas,671,6,1,1
Dallas,672,1,1,1
Dallas,673,5,1,1
Dallas,674,2,1,1
Dallas,675,2,1,1
Dallas,676,5,1,1
Dallas,677,2,1,1
Dallas,678,5,1,1
Dallas,679,1,1,1
Dallas,680,3,1,1
Dallas,681,3,1,1
Dallas,682,2,1,1
Dallas,683,6,1,1
Dallas,684,2,1,1
Dallas,685,0,1,1
Dallas,686,5,1,1
Dallas,687,2,1,1
Dallas,688,5,1,1
Dallas,689,1,1,1
Dallas,690,5,1,1
Dallas,691,4,1,1
Dallas,692,6,1,1
Dallas,693,8,1,1
Dallas,694,3,1,1
Dallas,695,4,1,1
Dallas,696,2,1,1
Dallas,697,7,1,1
Dallas,698,4,1,1
Dallas,699,4,1,1
Dallas,700,1,1,1
Dallas,701,7,1,1
Dallas,702,2,1,1
Dallas,703,4,1,1
Dallas,704,3,1,1
Dallas,705,4,1,1
Dallas,706,5,1,1
Dallas,707,0,1,1
Dallas,708,9,1,1
Dallas,709,2,1,1
Dallas,710,5,1,1
Dallas,711,1,1,1
Dallas,712,3,1,1
Dallas,713,1,1,1
Dallas,714,4,1,1
Dallas,715,4,1,1
Dallas,716,6,1,1
Dallas,717,3,1,1
Dallas,718,4,1,1
Dallas,719,4,1,1
Dallas,720,8,1,1
Dallas,721,4,1,1
Dallas,722,5,1,1
Dallas,723,2,1,1
Dallas,724,6,1,1
Dallas,725,3,1,1
Dallas,726,2,1,1
Dallas,727,7,1,1
Dallas,728,6,1,1
Dallas,729,2,1,1
Dallas,730,4,1,1
Dallas,731,5,1,1
Dallas,732,5,1,1
Dallas,733,2,1,1
Dallas,734,4,1,1
Dallas,735,4,1,1
Dallas,736,5,1,1
Dallas,737,4,1,1
Dallas,738,2,1,1
Dallas,739,4,1,1
Dallas,740,4,1,1
Dallas,741,0,1,1
Dallas,742,4,1,1
Dallas,743,5,1,1
Dallas,744,2,1,1
Dallas,745,5,1,1
Dallas,746,4,1,1
Dallas,747,5,1,1
Dallas,748,2,1,1
Dallas,749,2,1,1
Dallas,750,0,1,1
Dallas,751,4,1,1
Dallas,752,3,1,1
Dallas,753,2,1,1
Dallas,754,3,1,1
Dallas,755,0,1,1
Dallas,756,2,1,1
Dallas,757,1,1,1
Dallas,758,4,1,1
Dallas,759,3,1,1
Dallas,760,6,1,1
Dallas,761,4,1,1
Dallas,762,1,1,1
Dallas,763,3,1,1
Dallas,764,1,1,1
Dallas,765,2,1,1
Dallas,766,1,1,1
Dallas,767,3,1,1
Dallas,768,4,1,1
Dallas,769,2,1,1
Dallas,770,2,1,1
Dallas,771,3,1,1
Dallas,772,2,1,1
Dallas,773,2,1,1
Dallas,774,3,1,1
Dallas,775,1,1,1
Dallas,776,6,1,1
Dallas,777,2,1,1
Dallas,778,2,1,1
Dallas,779,2,1,1
Dallas,780,4,1,1
Dallas,781,1,1,1
Dallas,782,2,1,1
Dallas,783,4,1,1
Dallas,784,3,1,1
Dallas,785,3,1,1
Dallas,786,3,1,1
Dallas,787,6,1,1
Dallas,788,3,1,1
Dallas,789,3,1,1
Dallas,790,1,1,1
Dallas,791,2,1,1
Dallas,792,4,1,1
Dallas,793,3,1,1
Dallas,794,3,1,1
Dallas,795,2,1,1
Dallas,796,2,1,1
Dallas,797,1,1,1
Dallas,798,1,1,1
Dallas,799,1,1,1
Dallas,800,1,1,1
Dallas,801,2,1,1
Dallas,802,5,1,1
Dallas,803,2,1,1
Dallas,804,4,1,1
Dallas,805,4,1,1
Dallas,806,2,1,1
Dallas,807,5,1,1
Dallas,808,4,1,1
Dallas,809,4,1,1
Dallas,810,7,1,1
Dallas,811,4,1,1
Dallas,812,3,1,1
Dallas,813,1,1,1
Dallas,814,4,1,1
Dallas,815,5,1,1
Dallas,816,2,1,1
Dallas,817,1,1,1
Dallas,818,0,1,1
Dallas,819,4,1,1
Dallas,820,2,1,1
Dallas,821,5,1,1
Dallas,822,0,1,1
Dallas,823,2,1,1
Dallas,824,4,1,1
Dallas,825,2,1,1
Dallas,826,3,1,1
Dallas,827,2,1,1
Dallas,828,2,1,1
Dallas,829,0,1,1
Dallas,830,4,1,1
Dallas,831,4,1,1
Dallas,832,0,1,1
Dallas,833,1,1,1
Dallas,834,3,1,1
Dallas,835,1,1,1
Dallas,836,6,1,1
Dallas,837,4,1,1
Dallas,838,2,1,1
Dallas,839,2,1,1
Dallas,840,3,1,1
Dallas,841,4,1,1
Dallas,842,2,1,1
Dallas,843,3,1,1
Dallas,844,3,1,1
Dallas,845,3,1,1
Dallas,846,2,1,1
Dallas,847,1,1,1
Dallas,848,1,1,1
Dallas,849,2,1,1
Dallas,850,1,1,1
Dallas,851,0,1,1
Dallas,852,0,1,1
Dallas,853,1,1,1
Dallas,854,0,1,1
Dallas,855,2,1,1
Dallas,856,1,1,1
Dallas,857,3,1,1
Dallas,858,1,1,1
Dallas,859,1,1,1
Dallas,860,6,1,1
Dallas,861,3,1,1
Dallas,862,1,1,1
Dallas,863,1,1,1
Dallas,864,4,1,1
Dallas,865,3,1,1
Dallas,866,0,1,1
Dallas,867,0,1,1
Dallas,868,3,1,1
Dallas,869,3,1,1
Dallas,870,4,1,1
Dallas,871,2,1,1
Dallas,872,1,1,1
Dallas,873,4,1,1
Dallas,874,2,1,1
Dallas,875,1,1,1
Dallas,876,2,1,1
Dallas,877,2,1,1
Dallas,878,2,1,1
Dallas,879,1,1,1
Dallas,880,0,1,1
Dallas,881,3,1,1
Dallas,882,4,1,1
Dallas,883,6,1,1
Dallas,884,4,1,1
Dallas,885,2,1,1
Dallas,886,1,1,1
Dallas,887,3,1,1
Dallas,888,3,1,1
Dallas,889,2,1,1
Dallas,890,1,1,1
Dallas,891,3,1,1
Dallas,892,2,1,1
Dallas,893,1,1,1
Dallas,894,1,1,1
Dallas,895,1,1,1
Dallas,896,2,1,1
Dallas,897,2,1,1
Dallas,898,2,1,1
Dallas,899,0,1,1
Dallas,900,2,1,1
Dallas,901,2,1,1
Dallas,902,4,1,1
Dallas,903,3,1,1
Dallas,904,2,1,1
Dallas,905,2,1,1
Dallas,906,3,1,1
Dallas,907,2,1,1
Dallas,908,2,1,1
Dallas,909,2,1,1
Dallas,910,1,1,1
Dallas,911,2,1,1
Dallas,912,1,1,1
Dallas,913,2,1,1
Dallas,914,2,1,1
Dallas,915,4,1,1
Dallas,916,0,1,1
Dallas,917,1,1,1
Dallas,918,0,1,1
Dallas,919,0,1,1
Dallas,920,0,1,1
Dallas,921,1,1,1
Dallas,922,2,1,1
Dallas,923,0,1,1
Dallas,924,1,1,1
Dallas,925,3,1,1
Dallas,926,1,1,1
Dallas,927,3,1,1
Dallas,928,3,1,1
Dallas,929,2,1,1
Dallas,930,1,1,1
Dallas,931,1,1,1
Dallas,932,1,1,1
Dallas,933,1,1,1
Dallas,934,0,1,1
Dallas,935,1,1,1
Dallas,936,1,1,1
Dallas,937,0,1,1
Dallas,938,3,1,1
Dallas,939,2,1,1
Dallas,940,2,1,1
Dallas,941,0,1,1
Dallas,942,2,1,1
Dallas,943,0,1,1
Dallas,944,2,1,1
Dallas,945,2,1,1
Dallas,946,1,1,1
Dallas,947,0,1,1
Dallas,948,3,1,1
Dallas,949,0,1,1
Dallas,950,2,1,1
Dallas,951,2,1,1
Dallas,952,1,1,1
Dallas,953,1,1,1
Dallas,954,2,1,1
Dallas,955,2,1,1
Dallas,956,1,1,1
Dallas,957,0,1,1
Dallas,958,1,1,1
Dallas,959,0,1,1
Dallas,960,2,1,1
Dallas,961,3,1,1
Dallas,962,2,1,1
Dallas,963,1,1,1
Dallas,964,0,1,1
Dallas,965,1,1,1
Dallas,966,1,1,1
Dallas,967,2,1,1
Dallas,968,1,1,1
Dallas,969,2,1,1
Dallas,970,2,1,1
Dallas,971,1,1,1
Dallas,972,0,1,1
Dallas,973,1,1,1
Dallas,974,0,1,1
Dallas,975,1,1,1
Dallas,976,0,1,1
Dallas,977,0,1,1
Dallas,978,2,1,1
Dallas,979,2,1,1
Dallas,980,2,1,1
Dallas,981,0,1,1
Dallas,982,1,1,1
Dallas,983,2,1,1
Dallas,984,1,1,1
Dallas,985,1,1,1
Dallas,986,0,1,1
Dallas,987,0,1,1
Dallas,988,1,1,1
Dallas,989,0,1,1
Dallas,990,0,1,1
Dallas,991,1,1,1
Dallas,992,0,1,1
Dallas,993,0,1,1
Dallas,994,0,1,1
Dallas,995,0,1,1
Dallas,996,0,1,1
Dallas,997,1,1,1
Dallas,998,0,1,1
Dallas,999,0,1,1
Fort Worth,0,13,0,0
Fort Worth,1,10,0,0
Fort Worth,2,8,0,0
Fort Worth,3,14,0,0
Fort Worth,4,9,0,0
Fort Worth,5,11,0,0
Fort Worth,6,9,0,0
Fort Worth,7,7,0,0
Fort Worth,8,10,0,0
Fort Worth,9,10,0,0
Fort Worth,10,12,0,0
Fort Worth,11,12,0,0
Fort Worth,12,9,0,0
Fort Worth,13,9,0,0
Fort Worth,14,13,0,0
Fort Worth,15,9,0,0
Fort Worth,16,6,0,0
Fort Worth,17,7,0,0
Fort Worth,18,9,0,0
Fort Worth,19,9,0,0
Fort Worth,20,11,0,0
Fort Worth,21,8,0,0
Fort Worth,22,11,0,0
Fort Worth,23,10,0,0
Fort Worth,24,10,0,0
Fort Worth,25,7,0,0
Fort Worth,26,11,0,0
Fort Worth,27,16,0,0
Fort Worth,28,11,0,0
Fort Worth,29,9,0,0
Fort Worth,30,6,0,0
Fort Worth,31,14,0,0
Fort Worth,32,8,0,0
Fort Worth,33,6,0,0
Fort Worth,34,11,0,0
Fort Worth,35,14,0,0
Fort Worth,36,7,0,0
Fort Worth,37,7,0,0
Fort Worth,38,8,0,0
Fort Worth,39,12,0,0
Fort Worth,40,14,0,0
Fort Worth,41,11,0,0
Fort Worth,42,10,0,0
Fort Worth,43,11,0,0
Fort Worth,44,10,0,0
Fort Worth,45,5,0,0
Fort Worth,46,8,0,0
Fort Worth,47,17,0,0
Fort Worth,48,6,0,0
Fort Worth,49,4,0,0
Fort Worth,50,7,0,0
Fort Worth,51,12,0,0
Fort Worth,52,11,0,0
Fort Worth,53,8,0,0
Fort Worth,54,9,0,0
Fort Worth,55,11,0,0
Fort Worth,56,15,0,0
Fort Worth,57,7,0,0
Fort Worth,58,8,0,0
Fort Worth,59,8,0,0
Fort Worth,60,9,0,0
Fort Worth,61,8,0,0
Fort Worth,62,9,0,0
Fort Worth,63,6,0,0
Fort Worth,64,5,0,0
Fort Worth,65,10,0,0
Fort Worth,66,8,0,0
Fort Worth,67,7,0,0
Fort Worth,68,7,0,0
Fort Worth,69,8,0,0
Fort Worth,70,7,0,0
Fort Worth,71,10,0,0
Fort Worth,72,8,0,0
Fort Worth,73,8,0,0
Fort Worth,74,7,0,0
Fort Worth,75,16,0,0
Fort Worth,76,10,0,0
Fort Worth,77,7,0,0
Fort Worth,78,11,0,0
Fort Worth,79,12,0,0
Fort Worth,80,11,0,0
Fort Worth,81,13,0,0
Fort Worth,82,10,0,0
Fort Worth,83,6,0,0
Fort Worth,84,7,0,0
Fort Worth,85,8,0,0
Fort Worth,86,5,0,0
Fort Worth,87,12,0,0
Fort Worth,88,9,0,0
Fort Worth,89,12,0,0
Fort Worth,90,12,0,0
Fort Worth,91,8,0,0
Fort Worth,92,11,0,0
Fort Worth,93,14,0,0
Fort Worth,94,5,0,0
Fort Worth,95,11,0,0
Fort Worth,96,9,0,0
Fort Worth,97,13,0,0
Fort Worth,98,7,0,0
Fort Worth,99,9,0,0
Fort Worth,100,5,0,0
Fort Worth,101,11,0,0
Fort Worth,102,8,0,0
Fort Worth,103,8,0,0
Fort Worth,104,9,0,0
Fort Worth,105,8,0,0
Fort Worth,106,4,0,0
Fort Worth,107,9,0,0
Fort Worth,108,4,0,0
Fort Worth,109,11,0,0
Fort Worth,110,7,0,0
Fort Worth,111,11,0,0
Fort Worth,112,8,0,0
Fort Worth,113,7,0,0
Fort Worth,114,12,0,0
Fort Worth,115,13,0,0
Fort Worth,116,7,0,0
Fort Worth,117,10,0,0
Fort Worth,118,5,0,0
Fort Worth,119,11,0,0
Fort Worth,120,10,0,0
Fort Worth,121,13,0,0
Fort Worth,122,8,0,0
Fort Worth,123,7,0,0
Fort Worth,124,9,0,0
Fort Worth,125,9,0,0
Fort Worth,126,6,0,0
Fort Worth,127,8,0,0
Fort Worth,128,11,0,0
Fort Worth,129,13,0,0
Fort Worth,130,8,0,0
Fort Worth,131,5,0,0
Fort Worth,132,7,0,0
Fort Worth,133,13,0,0
Fort Worth,134,9,0,0
Fort Worth,135,6,0,0
Fort Worth,136,10,0,0
Fort Worth,137,8,0,0
Fort Worth,138,8,0,0
Fort Worth,139,8,0,0
Fort Worth,140,11,0,0
Fort Worth,141,5,0,0
Fort Worth,142,5,0,0
Fort Worth,143,9,0,0
Fort Worth,144,9,0,0
Fort Worth,145,7,0,0
Fort Worth,146,11,0,0
Fort Worth,147,6,0,0
Fort Worth,148,8,0,0
Fort Worth,149,10,0,0
Fort Worth,150,8,0,0
Fort Worth,151,7,0,0
Fort Worth,152,10,0,0
Fort Worth,153,6,0,0
Fort Worth,154,8,0,0
Fort Worth,155,9,0,0
Fort Worth,156,10,0,0
Fort Worth,157,9,0,0
Fort Worth,158,10,0,0
Fort Worth,159,9,0,0
Fort Worth,160,6,0,0
Fort Worth,161,9,0,0
Fort Worth,162,7,0,0
Fort Worth,163,6,0,0
Fort Worth,164,5,0,0
Fort Worth,165,10,0,0
Fort Worth,166,9,0,0
Fort Worth,167,11,0,0
Fort Worth,168,11,0,0
Fort Worth,169,13,0,0
Fort Worth,170,9,0,0
Fort Worth,171,11,0,0
Fort Worth,172,12,0,0
Fort Worth,173,6,0,0
Fort Worth,174,8,0,0
Fort Worth,175,12,0,0
Fort Worth,176,2,0,0
Fort Worth,177,11,0,0
Fort Worth,178,9,0,0
Fort Worth,179,5,0,0
Fort Worth,180,2,0,0
Fort Worth,181,6,0,0
Fort Worth,182,6,0,0
Fort Worth,183,6,0,0
Fort Worth,184,8,0,0
Fort Worth,185,7,0,0
Fort Worth,186,7,0,0
Fort Worth,187,6,0,0
Fort Worth,188,8,0,0
Fort Worth,189,9,0,0
Fort Worth,190,9,0,0
Fort Worth,191,8,0,0
Fort Worth,192,13,0,0
Fort Worth,193,6,0,0
Fort Worth,194,9,0,0
Fort Worth,195,5,0,0
Fort Worth,196,7,0,0
Fort Worth,197,8,0,0
Fort Worth,198,9,0,0
Fort Worth,199,7,0,0
Fort Worth,200,7,0,0
Fort Worth,201,6,0,0
Fort Worth,202,7,0,0
Fort Worth,203,10,0,0
Fort Worth,204,10,0,0
Fort Worth,205,7,0,0
Fort Worth,206,10,0,0
Fort Worth,207,6,0,0
Fort Worth,208,8,0,0
Fort Worth,209,7,0,0
Fort Worth,210,7,0,0
Fort Worth,211,8,0,0
Fort Worth,212,9,0,0
Fort Worth,213,9,0,0
Fort Worth,214,10,0,0
Fort Worth,215,7,0,0
Fort Worth,216,4,0,0
Fort Worth,217,6,0,0
Fort Worth,218,7,0,0
Fort Worth,219,6,0,0
Fort Worth,220,10,0,0
Fort Worth,221,7,0,0
Fort Worth,222,15,0,0
Fort Worth,223,5,0,0
Fort Worth,224,4,0,0
Fort Worth,225,6,0,0
Fort Worth,226,9,0,0
Fort Worth,227,13,0,0
Fort Worth,228,8,0,0
Fort Worth,229,6,0,0
Fort Worth,230,12,0,0
Fort Worth,231,4,0,0
Fort Worth,232,5,0,0
Fort Worth,233,7,0,0
Fort Worth,234,8,0,0
Fort Worth,235,2,0,0
Fort Worth,236,7,0,0
Fort Worth,237,7,0,0
Fort Worth,238,8,0,0
Fort Worth,239,8,0,0
Fort Worth,240,6,0,0
Fort Worth,241,7,0,0
Fort Worth,242,7,0,0
Fort Worth,243,3,0,0
Fort Worth,244,4,0,0
Fort Worth,245,4,0,0
Fort Worth,246,5,0,0
Fort Worth,247,8,0,0
Fort Worth,248,9,0,0
Fort Worth,249,9,0,0
Fort Worth,250,7,0,0
Fort Worth,251,5,0,0
Fort Worth,252,5,0,0
Fort Worth,253,3,0,0
Fort Worth,254,4,0,0
Fort Worth,255,9,0,0
Fort Worth,256,6,0,0
Fort Worth,257,8,0,0
Fort Worth,258,8,0,0
Fort Worth,259,8,0,0
Fort Worth,260,1,0,0
Fort Worth,261,6,0,0
Fort Worth,262,10,0,0
Fort Worth,263,6,0,0
Fort Worth,264,8,0,0
Fort Worth,265,7,0,0
Fort Worth,266,4,0,0
Fort Worth,267,4,0,0
Fort Worth,268,12,0,0
Fort Worth,269,10,0,0
Fort Worth,270,4,0,0
Fort Worth,271,8,0,0
Fort Worth,272,7,0,0
Fort Worth,273,12,0,0
Fort Worth,274,6,0,0
Fort Worth,275,8,0,0
Fort Worth,276,4,0,0
Fort Worth,277,7,0,0
Fort Worth,278,7,0,0
Fort Worth,279,5,0,0
Fort Worth,280,10,0,0
Fort Worth,281,7,0,0
Fort Worth,282,9,0,0
Fort Worth,283,8,0,0
Fort Worth,284,10,0,0
Fort Worth,285,6,0,0
Fort Worth,286,9,0,0
Fort Worth,287,9,0,0
Fort Worth,288,8,0,0
Fort Worth,289,7,0,0
Fort Worth,290,6,0,0
Fort Worth,291,8,0,0
Fort Worth,292,1,0,0
Fort Worth,293,4,0,0
Fort Worth,294,8,0,0
Fort Worth,295,5,0,0
Fort Worth,296,6,0,0
Fort Worth,297,4,0,0
Fort Worth,298,8,0,0
Fort Worth,299,5,0,0
Fort Worth,300,7,0,0
Fort Worth,301,6,0,0
Fort Worth,302,9,0,0
Fort Worth,303,8,0,0
Fort Worth,304,3,0,0
Fort Worth,305,6,0,0
Fort Worth,306,6,0,0
Fort Worth,307,7,0,0
Fort Worth,308,5,0,0
Fort Worth,309,8,0,0
Fort Worth,310,3,0,0
Fort Worth,311,5,0,0
Fort Worth,312,9,0,0
Fort Worth,313,7,0,0
Fort Worth,314,12,0,0
Fort Worth,315,7,0,0
Fort Worth,316,6,0,0
Fort Worth,317,5,0,0
Fort Worth,318,7,0,0
Fort Worth,319,7,0,0
Fort Worth,320,8,0,0
Fort Worth,321,13,0,0
Fort Worth,322,2,0,0
Fort Worth,323,7,0,0
Fort Worth,324,6,0,0
Fort Worth,325,2,0,0
Fort Worth,326,5,0,0
Fort Worth,327,6,0,0
Fort Worth,328,6,0,0
Fort Worth,329,8,0,0
Fort Worth,330,11,0,0
Fort Worth,331,3,0,0
Fort Worth,332,6,0,0
Fort Worth,333,3,0,0
Fort Worth,334,8,0,0
Fort Worth,335,8,0,0
Fort Worth,336,6,0,0
Fort Worth,337,0,0,0
Fort Worth,338,8,0,0
Fort Worth,339,9,0,0
Fort Worth,340,7,0,0
Fort Worth,341,10,0,0
Fort Worth,342,6,0,0
Fort Worth,343,8,0,0
Fort Worth,344,11,0,0
Fort Worth,345,5,0,0
Fort Worth,346,5,0,0
Fort Worth,347,6,0,0
Fort Worth,348,11,0,0
Fort Worth,349,9,0,0
Fort Worth,350,4,0,0
Fort Worth,351,5,0,0
Fort Worth,352,7,0,0
Fort Worth,353,9,0,0
Fort Worth,354,6,0,0
Fort Worth,355,6,0,0
Fort Worth,356,5,0,0
Fort Worth,357,8,0,0
Fort Worth,358,4,0,0
Fort Worth,359,3,0,0
Fort Worth,360,6,0,0
Fort Worth,361,5,0,0
Fort Worth,362,10,0,0
Fort Worth,363,7,0,0
Fort Worth,364,10,0,0
Fort Worth,365,6,0,0
Fort Worth,366,6,0,0
Fort Worth,367,5,0,0
Fort Worth,368,4,0,0
Fort Worth,369,4,0,0
Fort Worth,370,6,0,0
Fort Worth,371,7,0,0
Fort Worth,372,6,0,0
Fort Worth,373,7,0,0
Fort Worth,374,7,0,0
Fort Worth,375,5,0,0
Fort Worth,376,8,0,0
Fort Worth,377,3,0,0
Fort Worth,378,9,0,0
Fort Worth,379,5,0,0
Fort Worth,380,6,0,0
Fort Worth,381,5,0,0
Fort Worth,382,4,0,0
Fort Worth,383,7,0,0
Fort Worth,384,4,0,0
Fort Worth,385,6,0,0
Fort Worth,386,8,0,0
Fort Worth,387,4,0,0
Fort Worth,388,3,0,0
Fort Worth,389,7,0,0
Fort Worth,390,4,0,0
Fort Worth,391,8,0,0
Fort Worth,392,9,0,0
Fort Worth,393,6,0,0
Fort Worth,394,6,0,0
Fort Worth,395,7,0,0
Fort Worth,396,11,0,0
Fort Worth,397,3,0,0
Fort Worth,398,8,0,0
Fort Worth,399,3,0,0
Fort Worth,400,4,0,0
Fort Worth,401,5,0,0
Fort Worth,402,7,0,0
Fort Worth,403,7,0,0
Fort Worth,404,5,0,0
Fort Worth,405,10,0,0
Fort Worth,406,3,0,0
Fort Worth,407,2,0,0
Fort Worth,408,5,0,0
Fort Worth,409,6,0,0
Fort Worth,410,6,0,0
Fort Worth,411,6,0,0
Fort Worth,412,5,0,0
Fort Worth,413,6,0,0
Fort Worth,414,6,0,0
Fort Worth,415,4,0,0
Fort Worth,416,9,0,0
Fort Worth,417,5,0,0
Fort Worth,418,6,0,0
Fort Worth,419,7,0,0
Fort Worth,420,6,0,0
Fort Worth,421,8,0,0
Fort Worth,422,14,0,0
Fort Worth,423,8,0,0
Fort Worth,424,7,0,0
Fort Worth,425,6,0,0
Fort Worth,426,8,0,0
Fort Worth,427,6,0,0
Fort Worth,428,2,0,0
Fort Worth,429,5,0,0
Fort Worth,430,7,0,0
Fort Worth,431,7,0,0
Fort Worth,432,9,0,0
Fort Worth,433,8,0,0
Fort Worth,434,5,0,0
Fort Worth,435,9,0,0
Fort Worth,436,5,0,0
Fort Worth,437,7,0,0
Fort Worth,438,5,0,0
Fort Worth,439,5,0,0
Fort Worth,440,5,0,0
Fort Worth,441,4,0,0
Fort Worth,442,5,0,0
Fort Worth,443,4,0,0
Fort Worth,444,4,0,0
Fort Worth,445,9,0,0
Fort Worth,446,9,0,0
Fort Worth,447,4,0,0
Fort Worth,448,6,0,0
Fort Worth,449,8,0,0
Fort Worth,450,9,0,0
Fort Worth,451,9,0,0
Fort Worth,452,8,0,0
Fort Worth,453,6,0,0
Fort Worth,454,6,0,0
Fort Worth,455,4,0,0
Fort Worth,456,5,0,0
Fort Worth,457,1,0,0
Fort Worth,458,7,0,0
Fort Worth,459,6,0,0
Fort Worth,460,1,0,0
Fort Worth,461,3,0,0
Fort Worth,462,4,0,0
Fort Worth,463,5,0,0
Fort Worth,464,2,0,0
Fort Worth,465,9,0,0
Fort Worth,466,7,0,0
Fort Worth,467,4,0,0
Fort Worth,468,3,0,0
Fort Worth,469,5,0,0
Fort Worth,470,4,0,0
Fort Worth,471,7,0,0
Fort Worth,472,11,0,0
Fort Worth,473,6,0,0
Fort Worth,474,5,0,0
Fort Worth,475,3,0,0
Fort Worth,476,2,0,0
Fort Worth,477,7,0,0
Fort Worth,478,5,0,0
Fort Worth,479,4,0,0
Fort Worth,480,7,0,0
Fort Worth,481,6,0,0
Fort Worth,482,7,0,0
Fort Worth,483,4,0,0
Fort Worth,484,4,0,0
Fort Worth,485,1,0,0
Fort Worth,486,8,0,0
Fort Worth,487,6,0,0
Fort Worth,488,7,0,0
Fort Worth,489,1,0,0
Fort Worth,490,4,0,0
Fort Worth,491,3,0,0
Fort Worth,492,5,0,0
Fort Worth,493,5,0,0
Fort Worth,494,4,0,0
Fort Worth,495,2,0,0
Fort Worth,496,5,0,0
Fort Worth,497,9,0,0
Fort Worth,498,2,0,0
Fort Worth,499,6,0,0
Fort Worth,500,3,0,1
Fort Worth,501,4,0,1
Fort Worth,502,2,0,1
Fort Worth,503,4,0,1
Fort Worth,504,5,0,1
Fort Worth,505,5,0,1
Fort Worth,506,5,0,1
Fort Worth,507,3,0,1
Fort Worth,508,6,0,1
Fort Worth,509,4,0,1
Fort Worth,510,2,0,1
Fort Worth,511,5,0,1
Fort Worth,512,7,0,1
Fort Worth,513,8,0,1
Fort Worth,514,0,0,1
Fort Worth,515,5,0,1
Fort Worth,516,4,0,1
Fort Worth,517,6,0,1
Fort Worth,518,4,0,1
Fort Worth,519,7,0,1
Fort Worth,520,2,0,1
Fort Worth,521,3,0,1
Fort Worth,522,3,0,1
Fort Worth,523,5,0,1
Fort Worth,524,4,0,1
Fort Worth,525,9,0,1
Fort Worth,526,5,0,1
Fort Worth,527,8,0,1
Fort Worth,528,3,0,1
Fort Worth,529,1,0,1
Fort Worth,530,1,0,1
Fort Worth,531,8,0,1
Fort Worth,532,8,0,1
Fort Worth,533,8,0,1
Fort Worth,534,7,0,1
Fort Worth,535,6,0,1
Fort Worth,536,2,0,1
Fort Worth,537,7,0,1
Fort Worth,538,6,0,1
Fort Worth,539,5,0,1
Fort Worth,540,6,0,1
Fort Worth,541,4,0,1
Fort Worth,542,4,0,1
Fort Worth,543,3,0,1
Fort Worth,544,4,0,1
Fort Worth,545,6,0,1
Fort Worth,546,7,0,1
Fort Worth,547,1,0,1
Fort Worth,548,5,0,1
Fort Worth,549,1,0,1
Fort Worth,550,4,0,1
Fort Worth,551,3,0,1
Fort Worth,552,6,0,1
Fort Worth,553,6,0,1
Fort Worth,554,0,0,1
Fort Worth,555,3,0,1
Fort Worth,556,4,0,1
Fort Worth,557,4,0,1
Fort Worth,558,5,0,1
Fort Worth,559,5,0,1
Fort Worth,560,7,0,1
Fort Worth,561,2,0,1
Fort Worth,562,4,0,1
Fort Worth,563,9,0,1
Fort Worth,564,2,0,1
Fort Worth,565,5,0,1
Fort Worth,566,6,0,1
Fort Worth,567,4,0,1
Fort Worth,568,8,0,1
Fort Worth,569,0,0,1
Fort Worth,570,2,0,1
Fort Worth,571,1,0,1
Fort Worth,572,1,0,1
Fort Worth,573,6,0,1
Fort Worth,574,8,0,1
Fort Worth,575,4,0,1
Fort Worth,576,2,0,1
Fort Worth,577,8,0,1
Fort Worth,578,4,0,1
Fort Worth,579,3,0,1
Fort Worth,580,9,0,1
Fort Worth,581,2,0,1
Fort Worth,582,5,0,1
Fort Worth,583,5,0,1
Fort Worth,584,5,0,1
Fort Worth,585,6,0,1
Fort Worth,586,4,0,1
Fort Worth,587,2,0,1
Fort Worth,588,3,0,1
Fort Worth,589,2,0,1
Fort Worth,590,1,0,1
Fort Worth,591,3,0,1
Fort Worth,592,8,0,1
Fort Worth,593,1,0,1
Fort Worth,594,4,0,1
Fort Worth,595,8,0,1
Fort Worth,596,3,0,1
Fort Worth,597,3,0,1
Fort Worth,598,7,0,1
Fort Worth,599,4,0,1
Fort Worth,600,2,0,1
Fort Worth,601,1,0,1
Fort Worth,602,6,0,1
Fort Worth,603,5,0,1
Fort Worth,604,3,0,1
Fort Worth,605,6,0,1
Fort Worth,606,3,0,1
Fort Worth,607,3,0,1
Fort Worth,608,1,0,1
Fort Worth,609,4,0,1
Fort Worth,610,4,0,1
Fort Worth,611,4,0,1
Fort Worth,612,4,0,1
Fort Worth,613,7,0,1
Fort Worth,614,4,0,1
Fort Worth,615,3,0,1
Fort Worth,616,2,0,1
Fort Worth,617,2,0,1
Fort Worth,618,2,0,1
Fort Worth,619,3,0,1
Fort Worth,620,5,0,1
Fort Worth,621,4,0,1
Fort Worth,622,4,0,1
Fort Worth,623,5,0,1
Fort Worth,624,3,0,1
Fort Worth,625,3,0,1
Fort Worth,626,1,0,1
Fort Worth,627,6,0,1
Fort Worth,628,5,0,1
Fort Worth,629,6,0,1
Fort Worth,630,3,0,1
Fort Worth,631,3,0,1
Fort Worth,632,3,0,1
Fort Worth,633,2,0,1
Fort Worth,634,5,0,1
Fort Worth,635,3,0,1
Fort Worth,636,3,0,1
Fort Worth,637,4,0,1
Fort Worth,638,6,0,1
Fort Worth,639,2,0,1
Fort Worth,640,3,0,1
Fort Worth,641,4,0,1
Fort Worth,642,5,0,1
Fort Worth,643,5,0,1
Fort Worth,644,8,0,1
Fort Worth,645,7,0,1
Fort Worth,646,2,0,1
Fort Worth,647,3,0,1
Fort Worth,648,2,0,1
Fort Worth,649,3,0,1
Fort Worth,650,4,0,1
Fort Worth,651,4,0,1
Fort Worth,652,3,0,1
Fort Worth,653,6,0,1
Fort Worth,654,2,0,1
Fort Worth,655,4,0,1
Fort Worth,656,7,0,1
Fort Worth,657,10,0,1
Fort Worth,658,2,0,1
Fort Worth,659,5,0,1
Fort Worth,660,4,0,1
Fort Worth,661,5,0,1
Fort Worth,662,1,0,1
Fort Worth,663,3,0,1
Fort Worth,664,2,0,1
Fort Worth,665,1,0,1
Fort Worth,666,4,0,1
Fort Worth,667,1,0,1
Fort Worth,668,3,0,1
Fort Worth,669,1,0,1
Fort Worth,670,1,0,1
Fort Worth,671,4,0,1
Fort Worth,672,3,0,1
Fort Worth,673,4,0,1
Fort Worth,674,7,0,1
Fort Worth,675,3,0,1
Fort Worth,676,1,0,1
Fort Worth,677,3,0,1
Fort Worth,678,3,0,1
Fort Worth,679,2,0,1
Fort Worth,680,7,0,1
Fort Worth,681,2,0,1
Fort Worth,682,4,0,1
Fort Worth,683,3,0,1
Fort Worth,684,2,0,1
Fort Worth,685,1,0,1
Fort Worth,686,6,0,1
Fort Worth,687,5,0,1
Fort Worth,688,6,0,1
Fort Worth,689,3,0,1
Fort Worth,690,4,0,1
Fort Worth,691,3,0,1
Fort Worth,692,2,0,1
Fort Worth,693,4,0,1
Fort Worth,694,5,0,1
Fort Worth,695,5,0,1
Fort Worth,696,2,0,1
Fort Worth,697,6,0,1
Fort Worth,698,3,0,1
Fort Worth,699,4,0,1
Fort Worth,700,4,0,1
Fort Worth,701,2,0,1
Fort Worth,702,10,0,1
Fort Worth,703,4,0,1
Fort Worth,704,3,0,1
Fort Worth,705,0,0,1
Fort Worth,706,2,0,1
Fort Worth,707,2,0,1
Fort Worth,708,1,0,1
Fort Worth,709,4,0,1
Fort Worth,710,4,0,1
Fort Worth,711,2,0,1
Fort Worth,712,3,0,1
Fort Worth,713,6,0,1
Fort Worth,714,2,0,1
Fort Worth,715,2,0,1
Fort Worth,716,4,0,1
Fort Worth,717,5,0,1
Fort Worth,718,1,0,1
Fort Worth,719,0,0,1
Fort Worth,720,2,0,1
Fort Worth,721,4,0,1
Fort Worth,722,2,0,1
Fort Worth,723,4,0,1
Fort Worth,724,3,0,1
Fort Worth,725,1,0,1
Fort Worth,726,3,0,1
Fort Worth,727,4,0,1
Fort Worth,728,4,0,1
Fort Worth,729,3,0,1
Fort Worth,730,1,0,1
Fort Worth,731,2,0,1
Fort Worth,732,4,0,1
Fort Worth,733,4,0,1
Fort Worth,734,1,0,1
Fort Worth,735,3,0,1
Fort Worth,736,5,0,1
Fort Worth,737,1,0,1
Fort Worth,738,3,0,1
Fort Worth,739,2,0,1
Fort Worth,740,2,0,1
Fort Worth,741,1,0,1
Fort Worth,742,2,0,1
Fort Worth,743,3,0,1
Fort Worth,744,5,0,1
Fort Worth,745,5,0,1
Fort Worth,746,2,0,1
Fort Worth,747,3,0,1
Fort Worth,748,0,0,1
Fort Worth,749,4,0,1
Fort Worth,750,2,0,1
Fort Worth,751,6,0,1
Fort Worth,752,2,0,1
Fort Worth,753,4,0,1
Fort Worth,754,4,0,1
Fort Worth,755,2,0,1
Fort Worth,756,4,0,1
Fort Worth,757,1,0,1
Fort Worth,758,1,0,1
Fort Worth,759,3,0,1
Fort Worth,760,4,0,1
Fort Worth,761,2,0,1
Fort Worth,762,2,0,1
Fort Worth,763,3,0,1
Fort Worth,764,0,0,1
Fort Worth,765,2,0,1
Fort Worth,766,1,0,1
Fort Worth,767,3,0,1
Fort Worth,768,0,0,1
Fort Worth,769,1,0,1
Fort Worth,770,2,0,1
Fort Worth,771,4,0,1
Fort Worth,772,2,0,1
Fort Worth,773,0,0,1
Fort Worth,774,3,0,1
Fort Worth,775,0,0,1
Fort Worth,776,0,0,1
Fort Worth,777,2,0,1
Fort Worth,778,3,0,1
Fort Worth,779,3,0,1
Fort Worth,780,4,0,1
Fort Worth,781,2,0,1
Fort Worth,782,2,0,1
Fort Worth,783,0,0,1
Fort Worth,784,3,0,1
Fort Worth,785,2,0,1
Fort Worth,786,3,0,1
Fort Worth,787,2,0,1
Fort Worth,788,4,0,1
Fort Worth,789,3,0,1
Fort Worth,790,2,0,1
Fort Worth,791,1,0,1
Fort Worth,792,2,0,1
Fort Worth,793,3,0,1
Fort Worth,794,4,0,1
Fort Worth,795,3,0,1
Fort Worth,796,1,0,1
Fort Worth,797,0,0,1
Fort Worth,798,0,0,1
Fort Worth,799,5,0,1
Fort Worth,800,4,0,1
Fort Worth,801,2,0,1
Fort Worth,802,2,0,1
Fort Worth,803,4,0,1
Fort Worth,804,3,0,1
Fort Worth,805,6,0,1
Fort Worth,806,0,0,1
Fort Worth,807,3,0,1
Fort Worth,808,1,0,1
Fort Worth,809,1,0,1
Fort Worth,810,1,0,1
Fort Worth,811,4,0,1
Fort Worth,812,3,0,1
Fort Worth,813,4,0,1
Fort Worth,814,0,0,1
Fort Worth,815,1,0,1
Fort Worth,816,1,0,1
Fort Worth,817,0,0,1
Fort Worth,818,4,0,1
Fort Worth,819,1,0,1
Fort Worth,820,2,0,1
Fort Worth,821,2,0,1
Fort Worth,822,0,0,1
Fort Worth,823,0,0,1
Fort Worth,824,1,0,1
Fort Worth,825,1,0,1
Fort Worth,826,2,0,1
Fort Worth,827,1,0,1
Fort Worth,828,1,0,1
Fort Worth,829,0,0,1
Fort Worth,830,3,0,1
Fort Worth,831,2,0,1
Fort Worth,832,3,0,1
Fort Worth,833,2,0,1
Fort Worth,834,1,0,1
Fort Worth,835,2,0,1
Fort Worth,836,3,0,1
Fort Worth,837,3,0,1
Fort Worth,838,2,0,1
Fort Worth,839,2,0,1
Fort Worth,840,0,0,1
Fort Worth,841,3,0,1
Fort Worth,842,2,0,1
Fort Worth,843,1,0,1
Fort Worth,844,2,0,1
Fort Worth,845,3,0,1
Fort Worth,846,2,0,1
Fort Worth,847,2,0,1
Fort Worth,848,0,0,1
Fort Worth,849,2,0,1
Fort Worth,850,3,0,1
Fort Worth,851,1,0,1
Fort Worth,852,2,0,1
Fort Worth,853,2,0,1
Fort Worth,854,1,0,1
Fort Worth,855,2,0,1
Fort Worth,856,1,0,1
Fort Worth,857,2,0,1
Fort Worth,858,2,0,1
Fort Worth,859,1,0,1
Fort Worth,860,0,0,1
Fort Worth,861,0,0,1
Fort Worth,862,1,0,1
Fort Worth,863,5,0,1
Fort Worth,864,3,0,1
Fort Worth,865,4,0,1
Fort Worth,866,1,0,1
Fort Worth,867,1,0,1
Fort Worth,868,2,0,1
Fort Worth,869,0,0,1
Fort Worth,870,1,0,1
Fort Worth,871,0,0,1
Fort Worth,872,1,0,1
Fort Worth,873,2,0,1
Fort Worth,874,1,0,1
Fort Worth,875,4,0,1
Fort Worth,876,0,0,1
Fort Worth,877,1,0,1
Fort Worth,878,2,0,1
Fort Worth,879,1,0,1
Fort Worth,880,1,0,1
Fort Worth,881,1,0,1
Fort Worth,882,0,0,1
Fort Worth,883,1,0,1
Fort Worth,884,2,0,1
Fort Worth,885,2,0,1
Fort Worth,886,2,0,1
Fort Worth,887,0,0,1
Fort Worth,888,1,0,1
Fort Worth,889,1,0,1
Fort Worth,890,2,0,1
Fort Worth,891,0,0,1
Fort Worth,892,1,0,1
Fort Worth,893,1,0,1
Fort Worth,894,2,0,1
Fort Worth,895,1,0,1
Fort Worth,896,3,0,1
Fort Worth,897,0,0,1
Fort Worth,898,1,0,1
Fort Worth,899,1,0,1
Fort Worth,900,0,0,1
Fort Worth,901,0,0,1
Fort Worth,902,0,0,1
Fort Worth,903,1,0,1
Fort Worth,904,3,0,1
Fort Worth,905,1,0,1
Fort Worth,906,0,0,1
Fort Worth,907,0,0,1
Fort Worth,908,1,0,1
Fort Worth,909,0,0,1
Fort Worth,910,0,0,1
Fort Worth,911,0,0,1
Fort Worth,912,2,0,1
Fort Worth,913,0,0,1
Fort Worth,914,0,0,1
Fort Worth,915,1,0,1
Fort Worth,916,1,0,1
Fort Worth,917,1,0,1
Fort Worth,918,0,0,1
Fort Worth,919,1,0,1
Fort Worth,920,0,0,1
Fort Worth,921,1,0,1
Fort Worth,922,0,0,1
Fort Worth,923,0,0,1
Fort Worth,924,0,0,1
Fort Worth,925,0,0,1
Fort Worth,926,1,0,1
Fort Worth,927,0,0,1
Fort Worth,928,0,0,1
Fort Worth,929,1,0,1
Fort Worth,930,0,0,1
Fort Worth,931,0,0,1
Fort Worth,932,1,0,1
Fort Worth,933,1,0,1
Fort Worth,934,0,0,1
Fort Worth,935,0,0,1
Fort Worth,936,0,0,1
Fort Worth,937,3,0,1
Fort Worth,938,0,0,1
Fort Worth,939,0,0,1
Fort Worth,940,2,0,1
Fort Worth,941,0,0,1
Fort Worth,942,0,0,1
Fort Worth,943,1,0,1
Fort Worth,944,0,0,1
Fort Worth,945,0,0,1
Fort Worth,946,1,0,1
Fort Worth,947,1,0,1
Fort Worth,948,2,0,1
Fort Worth,949,0,0,1
Fort Worth,950,0,0,1
Fort Worth,951,0,0,1
Fort Worth,952,1,0,1
Fort Worth,953,0,0,1
Fort Worth,954,0,0,1
Fort Worth,955,0,0,1
Fort Worth,956,1,0,1
Fort Worth,957,2,0,1
Fort Worth,958,0,0,1
Fort Worth,959,1,0,1
Fort Worth,960,0,0,1
Fort Worth,961,0,0,1
Fort Worth,962,0,0,1
Fort Worth,963,1,0,1
Fort Worth,964,0,0,1
Fort Worth,965,1,0,1
Fort Worth,966,0,0,1
Fort Worth,967,1,0,1
Fort Worth,968,1,0,1
Fort Worth,969,0,0,1
Fort Worth,970,0,0,1
Fort Worth,971,0,0,1
Fort Worth,972,1,0,1
Fort Worth,973,2,0,1
Fort Worth,974,1,0,1
Fort Worth,975,1,0,1
Fort Worth,976,0,0,1
Fort Worth,977,0,0,1
Fort Worth,978,0,0,1
Fort Worth,979,0,0,1
Fort Worth,980,0,0,1
Fort Worth,981,0,0,1
Fort Worth,982,0,0,1
Fort Worth,983,0,0,1
Fort Worth,984,0,0,1
Fort Worth,985,0,0,1
Fort Worth,986,0,0,1
Fort Worth,987,0,0,1
Fort Worth,988,1,0,1
Fort Worth,989,0,0,1
Fort Worth,990,0,0,1
Fort Worth,991,0,0,1
Fort Worth,992,0,0,1
Fort Worth,993,0,0,1
Fort Worth,994,0,0,1
Fort Worth,995,0,0,1
Fort Worth,996,0,0,1
Fort Worth,997,0,0,1
Fort Worth,998,0,0,1
Fort Worth,999,0,0,1
